asset,strategy,return_pct,original_pct,v1_pct,improvement_vs_v1,trades,max_dd_pct
LTC,IMPROVED_SMA_3X_V2,-101.41542209857248,210.86,-97.2,-4.215422098572475,12,-137.31034397672758
ETH,IMPROVED_SMA_3X_V2,-98.5337056447736,145.65,-48.5,-50.033705644773605,19,-105.24458062482151
LINK,IMPROVED_SMA_3X_V2,-99.78992518966012,123.54,-96.3,-3.489925189660127,28,-102.67443555961184
